date,time,spot,latitude,longitude,keepers,throwbacks,pots,rating,notes
2021-07-15,12:00,Griffin Bay off Fourth of July Beach,48.485,-122.98,2,16,,1,"Escape cord on one pot rotted through; rebuilt it. Chicken + clams, soaked 8 hrs."
2021-07-17,09:45,Deer Harbor,48.615,-123.005,6,13,2,4,"Chicken backs, soaked 8 hrs. 3 Dungeness, 3 red rock."
2021-07-17,10:30,Fisherman Bay entrance,48.524,-122.923,3,11,2,3,
2021-07-25,09:15,Brown Island south,48.536,-123.006,0,15,2,1,
2021-07-25,10:03,West Sound,48.629,-122.964,5,4,2,4,"Big males, lots over 7 in."
2021-07-26,11:15,Off Point Caution,48.564,-123.017,1,14,2,1,Herring + chicken.
2021-07-29,10:15,Brown Island south,48.536,-123.006,0,6,,1,"Lost a pot. Buoy line cut, probably a prop. Turkey necks. Overcast, calm. Starfish in every pot."
2021-07-29,11:19,Garrison Bay,48.589,-123.161,3,0,,5,Turkey necks. Pots stuffed.
2021-08-01,12:15,Off Point Caution,48.564,-123.017,2,11,2,3,"Chicken backs, soaked 4 hrs. Overcast, calm. Seals hanging around the buoys."
2021-08-01,12:58,Deer Harbor,48.615,-123.005,2,10,1,4,
2021-08-01,13:57,Griffin Bay north,48.508,-122.99,2,4,1,5,
2021-08-05,11:30,Westcott Bay,48.5975,-123.153,10,17,4,5,"Limited out on Dungeness. Turkey necks. SW 15 kt, choppy, pulled early. Hard shells, full of meat."
2021-08-07,12:00,Garrison Bay,48.589,-123.161,6,19,4,4,"Herring + chicken, soaked 7 hrs."
2021-08-15,10:30,Garrison Bay,48.589,-123.161,3,12,,3,"Chicken + clams, soaked 3 hrs."
2021-08-15,11:43,Westcott Bay,48.5975,-123.153,0,5,,1,Starfish in every pot.
2021-08-15,12:49,Mosquito Pass,48.5905,-123.172,3,8,,1,"0 Dungeness, 3 red rock."
2021-08-20,12:15,Garrison Bay,48.589,-123.161,3,9,1,4,"Lost a pot. Buoy line cut, probably a prop. Mink food. Overcast, calm."
2021-08-23,10:00,Westcott Bay,48.5975,-123.153,2,6,1,2,"Chicken backs, soaked 4 hrs. Glassy morning."
2021-08-23,10:46,Mosquito Pass,48.5905,-123.172,0,6,1,2,Pots walked ~50 yds on the ebb.
2021-08-27,11:30,Westcott Bay,48.5975,-123.153,1,5,1,2,"Chicken backs, soaked 6 hrs."
2021-08-27,12:40,Fisherman Bay entrance,48.524,-122.923,1,7,1,3,
2021-08-28,11:30,Fisherman Bay entrance,48.524,-122.923,2,20,4,1,"Turkey necks. Big swell in the strait, stayed inside."
2021-09-05,11:30,Garrison Bay,48.589,-123.161,3,14,2,4,
2021-09-05,12:12,East Sound (Orcas),48.645,-122.893,1,9,1,3,
2021-09-05,13:07,Westcott Bay,48.5975,-123.153,1,7,1,1,Shorts everywhere.
2021-09-10,12:30,Mosquito Pass,48.5905,-123.172,1,22,4,1,Herring + chicken. Starfish in every pot.
2021-09-13,10:45,Garrison Bay,48.589,-123.161,2,6,2,3,
2021-09-13,11:47,Deer Harbor,48.615,-123.005,3,13,2,2,
2021-09-17,12:15,Off Point Caution,48.564,-123.017,0,11,2,2,"Herring + chicken, soaked 7 hrs."
2021-09-17,13:14,Griffin Bay off Fourth of July Beach,48.485,-122.98,2,14,2,2,
2021-09-25,11:00,Off Point Caution,48.564,-123.017,0,18,,1,
2021-09-27,10:30,Deer Harbor,48.615,-123.005,1,24,,1,"Salmon heads, soaked 6 hrs. Big swell in the strait, stayed inside. Sculpins ate half the bait."
2021-10-02,11:15,Brown Island south,48.536,-123.006,0,18,4,1,"Turkey necks. SW 15 kt, choppy, pulled early. Shorts everywhere."
2021-11-18,10:00,East Sound (Orcas),48.645,-122.893,1,19,2,2,
2021-11-23,09:30,Off Point Caution,48.564,-123.017,0,8,1,1,
2021-11-23,10:33,Brown Island south,48.536,-123.006,0,9,1,1,Sculpins ate half the bait.
2021-12-09,12:15,Griffin Bay north,48.508,-122.99,1,9,2,2,"Turkey necks. SW 15 kt, choppy, pulled early."
2022-07-14,12:00,Griffin Bay off Fourth of July Beach,48.485,-122.98,6,8,,4,"Herring + chicken. SW 15 kt, choppy, pulled early."
2022-07-16,12:30,Mitchell Bay entrance,48.5655,-123.1725,13,16,4,3,"Chicken backs, soaked 8 hrs."
2022-07-17,09:45,West Sound,48.629,-122.964,5,7,,3,Chicken + clams. Light N breeze.
2022-07-17,10:33,Deer Harbor,48.615,-123.005,5,8,,4,
2022-07-23,11:30,Griffin Bay north,48.508,-122.99,1,2,,2,"Escape cord on one pot rotted through; rebuilt it. Turkey necks, soaked 3 hrs."
2022-07-23,12:42,Brown Island south,48.536,-123.006,1,7,,3,
2022-07-23,13:35,Mitchell Bay entrance,48.5655,-123.1725,2,2,,3,
2022-07-24,10:30,Brown Island south,48.536,-123.006,0,8,1,1,
2022-07-24,11:29,Deer Harbor,48.615,-123.005,1,8,1,1,Chicken + clams.
2022-07-31,11:45,Griffin Bay off Fourth of July Beach,48.485,-122.98,9,14,4,4,"Mink food, soaked 3 hrs. Big swell in the strait, stayed inside."
2022-08-01,10:15,Westcot bay,48.5978,-123.1525,6,11,,3,
2022-08-04,09:15,Brown Island south,48.536,-123.006,4,17,,4,"Turkey necks, soaked 4 hrs."
2022-08-04,09:54,Griffin Bay north,48.508,-122.99,0,9,,1,Turkey necks. Shorts everywhere.
2022-08-07,12:15,Deer Harbor,48.615,-123.005,2,10,2,3,
2022-08-07,13:30,West Sound,48.629,-122.964,2,11,2,3,
2022-08-20,09:00,Griffin Bay off Fourth of July Beach,48.485,-122.98,10,28,4,4,Limited out on Dungeness. Mink food. Flat calm.
2022-09-05,10:00,Griffin Bay north,48.508,-122.99,3,20,4,1,
2022-09-09,12:30,Westcot bay,48.5978,-123.1525,0,3,1,1,"Salmon heads, soaked 3 hrs. Sculpins ate half the bait."
2022-09-09,13:32,Mitchell Bay entrance,48.5655,-123.1725,2,8,1,4,"Lots of softshells, threw them back."
2022-09-16,12:15,Garrison Bay,48.589,-123.161,5,8,,5,"Limited out on Dungeness. Chicken + clams, soaked 7 hrs."
2022-09-23,10:15,Garrison Bay,48.589,-123.161,4,27,4,3,Salmon heads.
2022-09-25,12:15,Westcott Bay,48.5975,-123.153,1,7,1,3,
2022-09-25,13:08,Griffin Bay north,48.508,-122.99,0,12,1,1,
2022-10-01,11:15,Garrison Bay,48.589,-123.161,2,10,2,2,Chicken + clams.
2022-10-01,12:30,West Sound,48.629,-122.964,2,8,2,2,
2022-11-02,10:15,Griffin Bay off Fourth of July Beach,48.485,-122.98,3,13,2,4,Mink food.
2022-11-02,11:13,Griffin Bay north,48.508,-122.99,1,1,1,4,Mink food.
2022-11-02,11:48,West Sound,48.629,-122.964,0,5,1,1,
2022-11-21,09:00,West Sound,48.629,-122.964,2,10,2,2,
2022-11-21,09:36,Off Point Caution,48.564,-123.017,0,4,1,1,
2022-11-21,10:43,Griffin Bay north,48.508,-122.99,3,5,1,4,
2023-07-13,12:00,Garrison Bay,48.589,-123.161,3,9,2,4,"Chicken + clams, soaked 3 hrs."
2023-07-13,12:42,Griffin Bay north,48.508,-122.99,3,5,2,4,
2023-07-14,10:15,Blind Bay (Shaw),48.5835,-122.937,4,4,2,3,
2023-07-14,11:18,Mitchell Bay entrance,48.5655,-123.1725,4,5,1,4,"Lost a pot. Buoy line cut, probably a prop."
2023-07-15,09:45,West Sound,48.629,-122.964,5,9,2,5,Chicken + clams. Pots stuffed.
2023-07-15,10:46,Westcott Bay,48.5975,-123.153,2,2,1,5,Chicken + clams.
2023-07-15,11:46,Griffin Bay north,48.508,-122.99,3,6,1,5,Limited out on Dungeness. Pots stuffed.
2023-07-16,12:15,West Sound,48.629,-122.964,5,2,1,5,"Mink food, soaked 5 hrs. Big males, lots over 7 in."
2023-07-16,13:17,Deer Harbor,48.615,-123.005,1,9,1,5,Limited out on Dungeness. Mink food.
2023-07-17,12:30,Brown Island south,48.536,-123.006,3,19,4,2,
2023-07-20,09:15,Griffin Bay off Fourth of July Beach,48.485,-122.98,5,1,1,5,"Limited out on Dungeness. Mink food. Big males, lots over 7 in."
2023-07-23,11:00,Garrison Bay,48.589,-123.161,5,6,2,5,
2023-07-23,11:51,Griffin Bay north,48.508,-122.99,5,12,2,5,Limited out on Dungeness. Pots stuffed.
2023-07-27,10:00,Griffin Bay off Fourth of July Beach,48.485,-122.98,8,8,2,5,Mink food.
2023-07-27,11:04,Brown Island south,48.536,-123.006,0,4,1,1,
2023-07-27,11:53,Mitchell Bay entrance,48.5655,-123.1725,3,2,1,5,"Limited out on Dungeness. Big males, lots over 7 in."
2023-07-28,12:45,Westcott Bay,48.5975,-123.153,8,4,,5,"Mink food, soaked 5 hrs. Flat calm. Hard shells, full of meat."
2023-07-28,13:40,Blind Bay (Shaw),48.5835,-122.937,5,10,,4,Limited out on Dungeness. Mink food.
2023-07-30,11:15,Mitchell Bay entrance,48.5655,-123.1725,7,7,2,5,Turkey necks. Every pot had keepers.
2023-07-30,12:27,Garrison Bay,48.589,-123.161,3,7,2,4,Turkey necks.
2023-07-31,10:15,Griffin Bay north,48.508,-122.99,4,4,1,5,
2023-07-31,11:28,Garrison Bay,48.589,-123.161,3,12,1,5,Limited out on Dungeness. Every pot had keepers.
2023-08-05,10:15,Garrison Bay,48.589,-123.161,9,19,4,4,"Salmon heads. Big swell in the strait, stayed inside."
2023-08-12,11:15,Westcott Bay,48.5975,-123.153,9,20,4,4,"Herring + chicken. Big swell in the strait, stayed inside."
2023-08-14,09:30,Blind Bay (Shaw),48.5835,-122.937,1,22,4,2,Chicken backs. Lots of females.
2023-08-26,09:30,Fisherman Bay entrance,48.524,-122.923,4,20,2,3,
2023-08-26,10:16,Mackaye Harbor,48.439,-122.88,6,9,2,5,Limited out on Dungeness.
2023-09-01,09:15,Griffin Bay off Fourth of July Beach,48.485,-122.98,7,16,2,4,"Herring + chicken, soaked 7 hrs. Flat calm. Softshells everywhere."
2023-09-01,10:21,Mitchell Bay entrance,48.5655,-123.1725,2,12,2,2,Herring + chicken.
2023-09-03,10:45,Blind Bay (Shaw),48.5835,-122.937,3,5,1,5,Herring + chicken.
2023-09-03,11:47,Griffin Bay off Fourth of July Beach,48.485,-122.98,2,2,1,2,
2023-09-14,11:15,Brown Island south,48.536,-123.006,0,17,2,1,"Chicken + clams, soaked 6 hrs. Starfish in every pot."
2023-09-14,12:29,Mitchell Bay entrance,48.5655,-123.1725,8,10,2,5,
2023-09-16,11:30,Westcott Bay,48.5975,-123.153,4,14,2,4,"Chicken backs, soaked 8 hrs."
2023-09-16,12:24,Garrison Bay,48.589,-123.161,5,9,2,5,
2023-09-21,11:30,Mitchell Bay entrance,48.5655,-123.1725,3,21,4,2,"Chicken backs. Big swell in the strait, stayed inside."
2023-09-23,10:15,Westcott Bay,48.5975,-123.153,3,13,2,3,Herring + chicken. Light N breeze.
2023-09-23,10:57,Garrison Bay,48.589,-123.161,2,14,2,1,
2023-09-30,09:15,Westcott Bay,48.5975,-123.153,6,14,2,3,"Chicken backs, soaked 4 hrs."
2023-09-30,09:50,Garrison Bay,48.589,-123.161,0,4,1,1,
2023-09-30,10:36,Mitchell Bay entrance,48.5655,-123.1725,1,3,1,1,
2023-10-01,12:15,Garrison Bay,48.589,-123.161,2,5,2,3,"Turkey necks, soaked 5 hrs. Overcast, calm."
2023-10-01,13:01,Westcott Bay,48.5975,-123.153,6,6,2,4,Turkey necks. Pots stuffed.
2023-10-05,10:45,Griffin Bay north,48.508,-122.99,7,15,2,5,"Salmon heads, soaked 7 hrs."
2023-10-05,11:39,West Sound,48.629,-122.964,2,6,2,3,
2023-10-23,12:45,Mitchell Bay entrance,48.5655,-123.1725,11,13,4,5,Chicken backs.
2023-10-31,12:30,East Sound (Orcas),48.645,-122.893,1,17,4,1,
2023-11-03,09:30,Blind Bay (Shaw),48.5835,-122.937,2,12,2,3,"Salmon heads, soaked 4 hrs. Overcast, calm."
2023-11-03,10:22,Garrison Bay,48.589,-123.161,1,9,1,1,
2023-11-03,10:57,Deer Harbor,48.615,-123.005,1,6,1,1,Seals hanging around the buoys.
2023-12-07,09:30,Blind Bay (Shaw),48.5835,-122.937,5,13,4,2,"Herring + chicken, soaked 5 hrs."
2024-07-18,12:45,Nelson Bay (Henry Is.),48.596,-123.188,2,11,2,2,Salmon heads.
2024-07-18,13:35,Westcott Bay,48.5975,-123.153,4,0,1,5,"Escape cord on one pot rotted through; rebuilt it. Big males, lots over 7 in."
2024-07-18,14:47,Mosquito Pass,48.5905,-123.172,1,1,1,1,
2024-07-19,12:45,Fisherman Bay entrance,48.524,-122.923,1,3,1,1,"Lost a pot. Buoy line cut, probably a prop. Turkey necks, soaked 3 hrs."
2024-07-19,13:51,Nelson Bay (Henry Is.),48.596,-123.188,7,5,2,5,
2024-07-20,12:45,Griffin Bay off Fourth of July Beach,48.485,-122.98,5,10,4,4,"Salmon heads, soaked 3 hrs. Big swell in the strait, stayed inside."
2024-07-21,09:15,Griffin Bay off Fourth of July Beach,48.485,-122.98,3,0,1,4,Chicken + clams.
2024-07-21,10:20,Griffin Bay north,48.508,-122.99,2,4,1,2,
2024-07-27,12:00,East Sound (Orcas),48.645,-122.893,0,6,2,1,"Chicken + clams, soaked 6 hrs."
2024-07-28,09:15,Garrison Bay,48.589,-123.161,11,15,4,5,"Limited out on Dungeness. Herring + chicken, soaked 5 hrs. Overcast, calm."
2024-08-01,10:45,Griffin Bay off Fourth of July Beach,48.485,-122.98,3,10,2,4,"Chicken backs, soaked 3 hrs."
2024-08-01,11:48,Blind Bay (Shaw),48.5835,-122.937,3,5,1,4,
2024-08-01,12:25,Nelson Bay (Henry Is.),48.596,-123.188,1,5,1,3,
2024-08-03,10:00,Shoal Bay (Lopez),48.553,-122.877,0,6,2,1,Mink food. Shorts everywhere.
2024-08-03,10:36,Mackaye Harbor,48.439,-122.88,4,13,2,4,
2024-08-04,11:30,Deer Harbor,48.615,-123.005,3,12,2,2,Turkey necks.
2024-08-04,12:40,Griffin Bay north,48.508,-122.99,3,9,2,3,
2024-08-18,10:00,Nelson Bay (Henry Is.),48.596,-123.188,7,10,2,5,"Salmon heads. Big males, lots over 7 in."
2024-08-18,10:42,Mosquito Pass,48.5905,-123.172,1,26,2,1,Pots walked ~50 yds on the ebb. Salmon heads.
2024-08-25,12:00,Griffin Bay north,48.508,-122.99,8,27,4,4,"Chicken + clams, soaked 4 hrs."
2024-08-29,09:45,Westcott Bay,48.5975,-123.153,0,11,2,1,
2024-09-01,12:45,Brown Island south,48.536,-123.006,1,12,2,2,"Herring + chicken, soaked 4 hrs. Flat calm."
2024-09-01,13:53,Griffin Bay north,48.508,-122.99,1,7,2,2,
2024-09-07,12:45,East Sound (Orcas),48.645,-122.893,6,23,4,3,"Mink food. Overcast, calm."
2024-09-08,10:45,Fisherman Bay entrance,48.524,-122.923,1,14,2,1,"Turkey necks, soaked 7 hrs."
2024-09-08,11:49,Nelson Bay (Henry Is.),48.596,-123.188,6,19,2,5,"Hard shells, full of meat."
2024-09-09,12:45,Westcott Bay,48.5975,-123.153,5,12,2,5,"Herring + chicken, soaked 4 hrs."
2024-09-09,13:38,Mitchell Bay entrance,48.5655,-123.1725,3,8,2,4,
2024-09-14,10:45,Blind Bay (Shaw),48.5835,-122.937,8,28,,1,"Chicken backs, soaked 8 hrs. Molting: half the legal males were soft. 4 Dungeness, 4 red rock."
2024-09-23,11:45,Westcott Bay,48.5975,-123.153,0,14,2,1,
2024-09-23,12:45,Nelson Bay (Henry Is.),48.596,-123.188,2,17,2,3,
2024-09-26,12:45,Westcott Bay,48.5975,-123.153,5,14,2,5,"Turkey necks, soaked 3 hrs. Hard shells, full of meat."
2024-09-26,13:50,Garrison Bay,48.589,-123.161,2,9,1,3,
2024-09-26,14:47,Mitchell Bay entrance,48.5655,-123.1725,1,3,1,1,
2024-09-27,10:00,Griffin Bay off Fourth of July Beach,48.485,-122.98,3,14,2,3,"Chicken backs. Big swell in the strait, stayed inside."
2024-09-29,12:00,Westcott Bay,48.5975,-123.153,4,18,2,5,"Salmon heads, soaked 3 hrs."
2024-09-29,13:14,Mitchell Bay entrance,48.5655,-123.1725,2,12,1,4,
2024-09-29,13:52,Nelson Bay (Henry Is.),48.596,-123.188,1,3,1,1,Escape cord on one pot rotted through; rebuilt it. Salmon heads.
2024-10-09,12:00,West Sound,48.629,-122.964,3,11,4,2,"Chicken backs, soaked 8 hrs."
2024-10-10,10:30,Mackaye Harbor,48.439,-122.88,1,4,2,1,"Mink food, soaked 8 hrs. Seals hanging around the buoys."
2024-10-10,11:15,Garrison Bay,48.589,-123.161,3,6,1,5,
2024-10-10,12:06,Westcott Bay,48.5975,-123.153,2,2,1,4,"Hard shells, full of meat."
2024-11-13,12:00,Mitchell Bay entrance,48.5655,-123.1725,3,15,2,2,"Chicken backs, soaked 6 hrs."
2024-11-17,11:30,Griffin Bay off Fourth of July Beach,48.485,-122.98,8,15,4,5,"Salmon heads, soaked 3 hrs. Big swell in the strait, stayed inside. Every pot had keepers."
2024-11-26,10:00,Mackaye Harbor,48.439,-122.88,3,7,1,5,
2024-11-26,10:45,Garrison Bay,48.589,-123.161,3,6,1,4,Limited out on Dungeness.
2025-07-17,11:00,Griffin Bay off Fourth of July Beach,48.485,-122.98,6,14,3,2,"Lost a pot. Buoy line cut, probably a prop. Chicken backs. Fog until 11, then sun."
2025-07-18,11:45,Brown Island south,48.536,-123.006,3,6,2,4,
2025-07-18,12:28,Nelson Bay (Henry Is.),48.596,-123.188,7,7,2,5,Limited out on Dungeness. Chicken + clams.
2025-07-19,10:45,Griffin Bay off Fourth of July Beach,48.485,-122.98,9,18,4,5,
2025-07-21,09:45,Griffin Bay north,48.508,-122.99,4,9,2,3,"Chicken backs, soaked 4 hrs. Overcast, calm."
2025-07-25,10:30,Garrison Bay,48.589,-123.161,5,10,2,5,Limited out on Dungeness. Herring + chicken. Light N breeze.
2025-07-26,11:30,Griffin Bay north,48.508,-122.99,8,9,2,5,"Escape cord on one pot rotted through; rebuilt it. Turkey necks, soaked 6 hrs. Every pot had keepers."
2025-07-26,12:07,Mackaye Harbor,48.439,-122.88,3,8,2,4,Limited out on Dungeness.
2025-07-27,10:15,Nelson Bay (Henry Is.),48.596,-123.188,11,7,2,5,"Limited out on Dungeness. Salmon heads, soaked 3 hrs."
2025-07-27,10:50,Westcott Bay,48.5975,-123.153,0,14,2,5,Salmon heads.
2025-07-31,09:30,Griffin Bay off Fourth of July Beach,48.485,-122.98,2,1,1,4,"Mink food, soaked 7 hrs. Pots stuffed."
2025-07-31,10:31,Griffin Bay north,48.508,-122.99,3,2,1,4,Limited out on Dungeness.
2025-08-03,12:00,Garrison Bay,48.589,-123.161,0,4,1,1,
2025-08-03,12:42,Westcott Bay,48.5975,-123.153,4,6,1,5,
2025-08-10,10:30,Mitchell Bay entrance,48.5655,-123.1725,3,2,1,5,"Chicken + clams, soaked 3 hrs."
2025-08-10,11:27,Griffin Bay north,48.508,-122.99,3,6,1,4,Limited out on Dungeness. Chicken + clams.
2025-08-21,11:30,Garrison Bay,48.589,-123.161,6,14,2,4,
2025-08-21,12:18,Westcott Bay,48.5975,-123.153,4,3,1,5,Limited out on Dungeness.
2025-08-22,12:30,Deer Harbor,48.615,-123.005,1,15,2,1,"Turkey necks, soaked 7 hrs."
2025-08-22,13:27,Blind Bay (Shaw),48.5835,-122.937,2,14,2,3,Turkey necks.
2025-08-23,09:00,Mitchell Bay entrance,48.5655,-123.1725,6,7,,5,"Chicken backs, soaked 4 hrs."
2025-08-23,09:47,Nelson Bay (Henry Is.),48.596,-123.188,2,4,,4,
2025-08-23,11:00,Mackaye Harbor,48.439,-122.88,1,7,,1,
2025-08-24,09:30,Westcott Bay,48.5975,-123.153,6,9,,4,"Limited out on Dungeness. Turkey necks, soaked 6 hrs. Fog until 11, then sun."
2025-08-24,10:09,Mitchell Bay entrance,48.5655,-123.1725,0,10,,5,
2025-08-28,10:15,Westcott Bay,48.5975,-123.153,9,23,4,4,"Mink food, soaked 8 hrs."
2025-08-30,12:15,Nelson Bay (Henry Is.),48.596,-123.188,6,25,4,3,
2025-09-04,09:30,Griffin Bay north,48.508,-122.99,5,16,2,5,"Limited out on Dungeness. Mink food, soaked 5 hrs."
2025-09-05,09:15,Nelson Bay (Henry Is.),48.596,-123.188,10,27,4,5,
2025-09-06,12:45,Brown Island south,48.536,-123.006,1,20,2,1,
2025-09-06,13:45,Griffin Bay north,48.508,-122.99,2,7,2,2,
2025-09-12,10:30,Mitchell Bay entrance,48.5655,-123.1725,8,25,4,4,Chicken backs.
2025-09-13,10:30,Off Point Caution,48.564,-123.017,1,15,2,1,"Turkey necks, soaked 3 hrs."
2025-09-13,11:09,Griffin Bay off Fourth of July Beach,48.485,-122.98,3,10,2,4,
2025-09-25,11:15,Mitchell Bay entrance,48.5655,-123.1725,2,10,2,2,
2025-09-25,12:24,Mosquito Pass,48.5905,-123.172,0,10,2,1,Pots walked ~50 yds on the ebb.
2025-09-26,10:30,Westcott Bay,48.5975,-123.153,2,11,2,2,
2025-09-26,11:27,Nelson Bay (Henry Is.),48.596,-123.188,7,11,2,5,
2025-10-01,12:30,Nelson Bay (Henry Is.),48.596,-123.188,4,7,2,3,
2025-10-01,13:36,Fisherman Bay entrance,48.524,-122.923,1,8,2,1,Chicken backs.
2025-10-05,09:30,Deer Harbor,48.615,-123.005,3,12,2,3,"Escape cord on one pot rotted through; rebuilt it. Chicken backs, soaked 6 hrs."
2025-10-05,10:20,Blind Bay (Shaw),48.5835,-122.937,0,10,2,1,
2025-11-01,09:00,Westcott Bay,48.5975,-123.153,2,3,1,2,
2025-11-01,09:47,Brown Island south,48.536,-123.006,1,9,1,1,Seals hanging around the buoys.
2025-11-02,10:00,Deer Harbor,48.615,-123.005,4,5,2,2,Chicken backs.
2025-11-02,10:50,Griffin Bay off Fourth of July Beach,48.485,-122.98,2,4,1,4,
2025-11-02,11:36,Griffin Bay north,48.508,-122.99,0,3,1,2,
2025-12-17,09:45,Deer Harbor,48.615,-123.005,1,7,1,3,"Chicken + clams, soaked 8 hrs. Fog until 11, then sun."
2025-12-17,10:45,Nelson Bay (Henry Is.),48.596,-123.188,4,5,1,5,Limited out on Dungeness. Every pot had keepers.
2026-07-16,10:30,Griffin Bay north,48.508,-122.99,3,9,2,2,
2026-07-16,11:32,Nelson Bay (Henry Is.),48.596,-123.188,4,4,1,5,
2026-07-16,12:24,Fisherman Bay entrance,48.524,-122.923,0,1,1,1,
2026-07-18,10:45,Mackaye Harbor,48.439,-122.88,4,6,2,4,"Chicken backs, soaked 3 hrs. Flat calm."
2026-07-18,11:50,Mitchell Bay entrance,48.5655,-123.1725,7,3,2,5,
2026-07-19,11:45,Westcott Bay,48.5975,-123.153,11,14,,4,"Chicken + clams, soaked 8 hrs. Fog until 11, then sun."
2026-07-20,11:00,Deer Harbor,48.615,-123.005,10,18,4,2,"Salmon heads, soaked 5 hrs. 4 Dungeness, 6 red rock."
2026-07-23,09:00,Nelson Bay (Henry Is.),48.596,-123.188,6,3,2,5,Salmon heads.
2026-07-23,09:53,Fisherman Bay entrance,48.524,-122.923,7,11,2,4,Limited out on Dungeness. Salmon heads.
2026-07-24,12:30,Nelson Bay (Henry Is.),48.596,-123.188,15,21,4,4,Limited out on Dungeness. Herring + chicken. Every pot had keepers.
2026-07-25,10:45,Griffin Bay off Fourth of July Beach,48.485,-122.98,6,12,2,5,Chicken backs. Pots stuffed.
2026-07-25,11:44,Griffin Bay north,48.508,-122.99,4,6,2,4,
2026-07-26,12:15,Mackaye Harbor,48.439,-122.88,10,15,4,5,Chicken + clams. Every pot had keepers.
2026-07-30,09:45,West Sound,48.629,-122.964,1,7,2,1,Herring + chicken. Starfish in every pot.
2026-07-30,10:23,Deer Harbor,48.615,-123.005,2,6,1,4,
2026-07-30,11:25,Blind Bay (Shaw),48.5835,-122.937,2,1,1,3,
2026-07-31,11:15,Westcott Bay,48.5975,-123.153,9,18,4,4,"Turkey necks, soaked 7 hrs. Big swell in the strait, stayed inside."
2026-08-01,09:30,Nelson Bay (Henry Is.),48.596,-123.188,8,5,2,5,"Turkey necks, soaked 8 hrs. Hard shells, full of meat."
2026-08-01,10:28,Garrison Bay,48.589,-123.161,2,7,1,5,Limited out on Dungeness.
2026-08-02,09:30,Brown Island south,48.536,-123.006,6,17,4,4,"Turkey necks, soaked 3 hrs."
2026-08-09,12:45,Griffin Bay north,48.508,-122.99,5,9,2,4,Turkey necks.
2026-08-10,12:15,Nelson Bay (Henry Is.),48.596,-123.188,10,17,4,5,"Limited out on Dungeness. Turkey necks. SW 15 kt, choppy, pulled early. Pots stuffed."
2026-08-13,11:45,Griffin Bay off Fourth of July Beach,48.485,-122.98,1,7,1,3,
2026-08-13,12:41,Fisherman Bay entrance,48.524,-122.923,3,7,1,5,
2026-08-16,09:45,Griffin Bay off Fourth of July Beach,48.485,-122.98,9,18,3,4,"Lost a pot. Buoy line cut, probably a prop. Mink food, soaked 7 hrs. Hard shells, full of meat."
2026-08-30,10:15,West Sound,48.629,-122.964,4,10,2,3,"Chicken + clams, soaked 6 hrs."
2026-08-30,11:06,Garrison Bay,48.589,-123.161,7,13,2,5,"Limited out on Dungeness. Big males, lots over 7 in."
2026-09-03,09:00,Griffin Bay off Fourth of July Beach,48.485,-122.98,14,22,,5,"Limited out on Dungeness. Turkey necks, soaked 8 hrs. Fog until 11, then sun. 10 Dungeness, 4 red rock."
2026-09-05,12:00,Nelson Bay (Henry Is.),48.596,-123.188,3,4,1,5,Salmon heads. Every pot had keepers.
2026-09-05,13:10,Mosquito Pass,48.5905,-123.172,0,5,1,1,
2026-09-12,11:30,Fisherman Bay entrance,48.524,-122.923,2,3,1,4,"Lost a pot. Buoy line cut, probably a prop. Turkey necks, soaked 5 hrs."
2026-09-12,12:12,Garrison Bay,48.589,-123.161,6,17,2,5,"Big males, lots over 7 in."
2026-09-17,10:30,Griffin Bay north,48.508,-122.99,1,11,2,1,"Turkey necks, soaked 7 hrs. Starfish in every pot."
2026-09-17,11:35,Griffin Bay off Fourth of July Beach,48.485,-122.98,2,17,2,3,Turkey necks.
2026-09-19,10:30,Deer Harbor,48.615,-123.005,3,23,4,1,"Mink food, soaked 8 hrs. Starfish in every pot."
2026-10-01,10:30,Westcott Bay,48.5975,-123.153,6,17,4,2,"Mink food. SW 15 kt, choppy, pulled early."
2026-10-02,10:30,Garrison Bay,48.589,-123.161,3,4,2,4,"Salmon heads, soaked 8 hrs. Light N breeze."
2026-10-02,11:27,Westcott Bay,48.5975,-123.153,7,6,2,5,Limited out on Dungeness.
